,precision,recall,fscore
0,0.1935483870967742,0.8571428571428571,0.3157894736842105
1,0.3333333333333333,0.5,0.4
2,0.2,0.6,0.3
3,0.3076923076923077,0.8,0.4444444444444444
