,precision,recall,fscore
0,0.0,0.0,0.0
1,0.26666666666666666,0.6666666666666666,0.3809523809523809
2,0.29411764705882354,0.7142857142857143,0.4166666666666667
3,0.8,0.8,0.8000000000000002
