,precision,recall,fscore
0,0.08333333333333333,0.5,0.14285714285714285
1,0.2,0.6,0.3
2,0.2,0.5,0.28571428571428575
3,0.3333333333333333,0.6666666666666666,0.4444444444444444
