,precision,recall,fscore
0,0.18518518518518517,0.45454545454545453,0.2631578947368421
1,0.125,0.2,0.15384615384615385
2,0.14814814814814814,0.3076923076923077,0.2
